tqi_mile,record_count,train_count,test_count,historical_mean_mae,historical_mean_rmse,historical_mean_mape,ma_mae,ma_rmse,ma_mape,holt_winters_mae,holt_winters_rmse,holt_winters_mape,mlp_mae,mlp_rmse,mlp_mape,lstm_mae,lstm_rmse,lstm_mape,timemixer_mae,timemixer_rmse,timemixer_mape,trident_v1_mae,trident_v1_rmse,trident_v1_mape,trident_v2_mae,trident_v2_rmse,trident_v2_mape
705400,498,348,75,1.7307797701149434,1.8280007627852797,44.10851081412987,0.9592666666666662,1.0816214679822136,24.03536461431337,9.34240344023983,10.09957159427328,220.6159447253553,2.1580373722387938,2.665981793889878,49.065822411020235,2.39474075845332,2.482621743989075,60.23097371634164,4.05913938106852,4.14282609928122,101.71411080426245,0.7398631823260896,0.931863574093114,17.009283123290466,1.7307797701149434,1.82800076278528,44.10851081412987
707400,507,354,77,0.3308017829627979,0.4727276818942673,6.179031933323524,0.27088744588744645,0.3840940184475868,4.918439199046442,1.517041047077291,1.694799714544568,26.472640198951375,1.7204956788749888,1.9514640326504296,29.664730518650412,1.5218099812329793,1.7487399328436104,26.512786602375904,0.37716806512453,0.5160947569535561,7.010272105994965,0.5290936189984744,0.7186169312130016,9.396905805537138,0.3308017829627979,0.47272768189426717,6.179031933323524
708400,511,357,77,0.6271018589253858,0.7084625944907171,18.416392640025542,1.6125584415584424,1.6459062044254635,45.646128114382556,0.931088109844797,1.0907322012075245,27.28878818099506,4.022228323477696,4.047665498946716,111.69675487794485,2.0439241893340014,2.1693670954692776,56.894584691187525,1.3235216676318609,1.3640209232430838,37.660167790194485,1.731684141437887,1.7615853227793672,48.77007934113276,2.6361514225623544,2.65663162072981,73.92738537359709
709400,511,357,77,1.1450020371785148,1.1710653167764005,36.7322817151971,1.4234502164502145,1.4444981238221895,45.460813885699025,2.6872615520982635,2.748786586770361,84.46564409878566,2.251929059384695,2.2767382693479004,71.39350503032851,1.45580839277665,1.4871202847538114,46.55323049685659,2.5752720832354057,2.586857069349954,81.562216624858,1.666300551200975,1.6864113205640963,52.9201514554319,1.1450020371785148,1.1710653167764011,36.7322817151971
711400,514,359,78,1.0777597314477532,1.595303817096828,42.516080571730726,1.216940170940171,1.6707129677215118,48.567611056960615,1.3690301072969753,1.754608040596109,55.12630928774477,1.539668577730669,1.8819672437459485,62.42261756372057,0.9954735647503884,1.5704583989970946,38.992994035497915,1.2271912760986265,1.676620285301775,49.01320112534103,1.4604414725504113,1.8429256319347325,59.17243790553671,0.663161089396526,1.5197089463429672,24.101012344370147
712400,514,359,78,0.5908532247696592,0.6245645004689155,16.394047525421513,0.240854700854701,0.3577000127834764,7.27276857854572,0.20595304721422833,0.34798447702838786,6.537870596865115,0.8573332251550068,0.9388843465289209,25.097753156966963,218643.8333094292,612784.9389088695,5911974.51176054,0.21993660227464445,0.3557382017489172,7.0500718528741135,0.21614986823528612,0.35349743531645755,6.860218101291675,0.5908532247696592,0.6245645004689155,16.394047525421513
713400,514,359,78,0.6281481322762662,0.6685938235666964,16.564588137595308,0.24169230769230785,0.32733798106262263,6.801366410905257,0.4558195679559779,0.5663097407494988,13.041173837471002,1.0003909710074221,1.0498936314740936,27.786570689667293,0.5943154924386245,0.6949035401688399,15.704004881191716,0.25475430437710894,0.3597212246853177,7.517311156233589,0.28011746190695136,0.3892864077080524,8.238475465109046,0.6281481322762662,0.6685938235666963,16.564588137595308
714400,507,354,77,1.570148763665716,1.5878301387065552,82.51732690526806,1.8623549783549793,1.8772861994771812,97.5049031141183,0.6342398792960128,0.7574008838196576,33.975167539703776,2.6116932413695997,2.6230937418198343,135.7157042326786,1.1427254452843725,1.184538473017352,60.223434239158316,1.6508507882682588,1.6676760747683748,86.65664742992044,1.760866483703601,1.7813079800817149,92.14923230143064,2.4156256563417484,2.426683110423588,125.82770382305672
715400,510,357,77,0.7968199643493771,0.838962332390932,37.88640301603609,1.0509740259740266,1.0832738078884507,49.298368993033016,0.906834798699746,0.9442169685264462,42.82838302043662,1.9952007270039729,2.0221673206294994,91.55705097698953,0.5277146114416241,0.6113112806121106,25.761199094926123,0.9400380258417506,0.9760112506931965,44.31693443229884,1.2134101035914509,1.2568829635012642,56.36021064007578,1.4880086956211578,1.51120701970462,68.92073875954647
716400,514,359,78,1.299225198200128,1.3224349669722526,67.21346022122728,1.6725641025641016,1.6906563232717642,85.9604255286808,1.5401445090011374,1.5597877564575142,79.3073754537342,2.433551320868841,2.4477116170857935,123.99773888814738,1.193147493963407,1.2220490489356264,61.82989288992478,1.7680087558355062,1.7851232193073365,90.75261700278676,1.8706221396925236,1.8869580158281936,95.46854075088879,2.3347789030935515,2.3484489161543807,119.22844606481544
717400,514,359,78,1.0528020141418424,1.0751930105684295,48.24923276711455,1.3069487179487174,1.3250520292961627,59.603944860278915,0.8578136023005197,0.9019738490503277,39.60130185025319,2.068403604891585,2.0808168302670227,93.4380828371412,0.7041152723364295,0.7983893648119963,32.80077223187968,1.27287008354151,1.2914510589824042,58.08139319844751,1.4241013713941173,1.4439508077351222,64.64437078602529,1.7430913759357964,1.7566760311299356,79.07958748135488
718400,514,359,78,1.3968539390043562,1.4193753220881182,70.11029010873526,1.8538205128205119,1.8708489708672018,92.421992360974,1.5302871898421948,1.5519023734944883,76.59154535878827,2.7783920169773815,2.792663270122997,137.31891624055368,1.1841437044016674,1.242183970185226,59.385054703775765,2.060589829004601,2.0759496476333608,102.51856434051578,2.1618146506831843,2.1790153199655653,106.99736644978846,1.3968539390043562,1.4193753220881182,70.11029010873526
719400,514,359,78,0.8592844796800231,0.8838766858836615,44.67944605710244,1.1689743589743598,1.1871685772329188,60.217344864612066,1.1159725576476496,1.1353347686379585,57.55067533738188,1.9911951516817699,2.008704049957017,101.46223355755947,0.7133607710658908,0.766526573208359,37.34940647507551,1.1260116412072345,1.1448964317235681,58.062113914366165,1.3411698528705374,1.3672714088245437,68.92134437630388,1.694324479463629,1.707153879987335,86.56771224235116
720400,512,358,77,1.1198605165783957,1.1431929380445274,64.35014435872297,1.2425324675324676,1.2654589121331665,71.20070011378964,1.4577654708754673,1.4865199528131656,83.0744652706025,1.9456989781772034,1.9707315258642266,110.02091502128228,1.0532082950825212,1.0838050020178986,60.72076141934003,1.3509977105534756,1.37411693357484,77.25788052472373,1.4589074471126962,1.4877579677409407,83.25809216934383,1.1198605165783957,1.1431929380445276,64.35014435872297
721400,512,358,77,1.9382735616338984,1.953456839091871,112.33313214017149,2.2329653679653685,2.246157509392109,129.07738025341507,1.4114333056087354,1.471027947456577,82.5255265880426,3.0458244790325786,3.0603905199003867,175.27413779186733,1.649353393088229,1.6703185805511425,95.82063061428576,1.8727154469417833,1.8884250773737052,108.60810729973664,2.3240725034973337,2.342961733719125,134.205290917722,1.9382735616338984,1.95345683909187,112.33313214017149
722400,514,359,78,1.3968370830654933,1.4686662641111798,57.20551867328052,1.2642307692307706,1.3431702038763373,52.050959511165075,2.273346297546136,2.3796883753020763,91.16158180924793,2.486968923104916,2.5258984629851575,99.09609704120285,1.2690819319084967,1.3432970703433005,52.11614801468024,1.8892986114881556,1.9430177677968274,76.34838061647781,1.4185200166594556,1.464493010531013,57.08694081857837,1.6430732290015737,1.7116378382935873,66.74256560594172
723400,514,359,78,1.1145416755946003,1.1329688142283285,62.995009317605586,1.3936410256410252,1.4084212777881822,78.30060148065819,1.3138282558213943,1.3294436458679098,73.91712889302966,2.1293347820774873,2.1416766432575525,118.48024685875338,0.9182321378730239,0.9596743282554837,52.01521958700203,1.5253825134727688,1.53890201401212,85.5254379132315,1.5585721435945679,1.5781897760583898,87.27906111235842,1.9710266988597458,1.981720206877213,109.94723785312921
724400,513,359,77,1.042054878269363,1.0579413088995209,60.19921512117864,1.327229437229438,1.3397385650937368,76.29582709737818,1.1987004494446682,1.21253848139682,69.04106868585198,2.1107665015897226,2.124296770532686,120.45527800370692,1.0498270771461318,1.0657417395432718,60.64439808999629,1.173433604442469,1.1875681563330158,67.61493223855352,1.5043548222887464,1.5197084472051483,86.22592362748952,1.7916847435702643,1.8026425152282126,102.52675072175785
725400,514,359,78,0.9224309692164848,0.9498673896879893,51.82481509730595,1.308589743589743,1.3280723933774397,72.5500802646477,1.0862814541553554,1.111757866357168,60.65720849217615,2.0694681086847093,2.0900730890534946,113.44954562848615,8.981475118784385,36.81761067838132,467.22286944657344,1.4073640288556548,1.4254847147952865,77.84991470713598,1.4898056617890032,1.5228905490698812,82.44372301823081,0.9224309692164848,0.949867389687989,51.82481509730595
726400,513,359,77,0.30774253879825086,0.43359169987576296,11.676341934348299,0.6964285714285715,0.759888467740815,24.789665614683976,0.37839222945661904,0.4756544367245389,13.3517328924704,1.5422515813912108,1.583041744213955,53.10280970489314,0.3170758114714438,0.47834703389916605,11.812748700352552,0.4729799237090291,0.5633396578237259,17.271042023886388,0.8023187403862709,0.8712420985832143,28.178749369437973,0.30774253879825086,0.4335916998757627,11.676341934348299
727400,513,359,77,0.6331494410881605,0.704153287649969,24.42816441518196,1.2114155844155845,1.2533639566351857,45.3626086042075,0.5262081102566053,0.6840333346191197,20.733466690733515,2.1133273838346014,2.1336680255418528,77.5974339554685,0.4089395876955121,0.5297565079005737,15.592564000463316,1.1033302291349256,1.1492143471482887,41.460820800663015,1.3250805153375178,1.3726205119211752,49.20662915430102,1.7825272106030579,1.8091774320251437,65.89701650313435
728400,513,359,77,1.4598478819230878,1.4834331642202505,62.76846419695439,1.8014978354978362,1.8206626721214914,77.0603170304863,0.6362134748765722,0.7566158871274531,27.526178889845827,2.3633070074249907,2.3818389414801793,100.52793797342707,1.149821020185616,1.1893674903402114,49.75824365337695,0.8174794857947355,0.8588912581476584,35.896397995183534,1.881404933262883,1.9106477015146857,80.38287660850682,2.258220968968604,2.273975918181618,96.17022574729943
729400,514,359,78,0.7868957217341617,0.8236890118592229,38.154833177824024,1.2018205128205122,1.2262264295024208,57.11066639417807,0.7923350108159867,0.8368820705109704,38.287155659202426,2.0203460678095637,2.041204288777657,94.47065965253779,0.716510919844814,0.8063779412452039,34.65060272722199,1.202529697300772,1.226917987607455,57.14295196823763,1.3502625803675155,1.380855953214959,63.56306146465073,0.7868957217341617,0.823689011859223,38.154833177824024
730400,515,360,78,0.7948408119658118,0.8584887335208685,34.79829835547326,1.1338888888888892,1.1687228217965264,49.871965590612575,0.4415730451658467,0.639157820942773,18.839039199864605,1.8384772605988473,1.8659289560391015,81.00062476003089,0.5419831866034158,0.6724054633132195,23.640071118608986,1.0460979014591112,1.0856181634305264,45.96896752264344,1.233290913885064,1.2777830398163188,54.05582971267244,1.8799813812309465,1.8998363023690905,82.84268173826183
731400,515,360,78,1.328774572649572,1.3602643116183726,64.89776029359336,1.7344700854700852,1.760008869927144,84.94097002189199,0.8813798406828567,1.0168417480061696,42.654741107527286,2.397137567501879,2.4211224997950493,117.32252680699962,1.0957299244355028,1.1873250215520006,53.35061918907803,1.71882801012676,1.744357061251304,84.16832131200101,1.7672097663703175,1.8015293511931163,86.36365339188296,1.8746991376959665,1.9046839041631276,91.62513914531786
732400,513,359,77,1.09834985348913,1.1757119690296371,60.92143336331528,1.299883116883117,1.4568754904950512,74.40819706517128,0.6761619454601931,0.7384737189666316,36.329108286322075,1.966816030032741,2.1387347602800895,110.05104114023445,0.9170139016015302,0.9986512026371036,51.419194922939326,1.0936223748145564,1.1692191729587347,60.59549764236244,1.4012389842059692,1.593150763628875,80.45882084885243,1.1367964847108456,1.278056938564503,65.12532053621005
733400,514,359,78,0.3411488465109655,0.4191798680970378,9.083614797860083,1.458128205128205,1.5016730071865916,39.13277167291515,3.5564138858302394,4.023476146493306,91.3026209070214,4.212855477131318,5.455754685451239,111.76571045782092,16.444154944382344,22.03530067317681,424.6084834668611,0.23844921664940832,0.36191888084028817,6.875017014109648,0.32349958427988074,0.5437786640801608,8.779491761787606,0.3411488465109655,0.4191798680970378,9.083614797860083
734400,513,359,77,0.25048496906992734,0.35172155197393207,7.733946823668723,2.552502164502164,2.5766200978078095,75.74000639988346,3.895837602043398,4.3496957692456215,113.5819606475976,6.844747862914042,9.0738616063602,202.30108071462166,0.6869495810527648,0.7888890414535764,21.243567634273695,0.31641191970392785,0.4099750978068119,9.20276694624339,0.40294802446056005,0.5615012597717222,11.911093660033762,0.25048496906992734,0.35172155197393207,7.733946823668723
735400,514,359,78,0.6780084993929014,0.7370250857643925,28.160037218629757,1.146974358974359,1.1913149274689108,46.75991516124153,0.47939503070931594,0.5996400575831908,20.03665380213443,1.9482731013576158,1.9764285196343534,78.00390054085754,1.0082470814908244,1.7013022029553384,39.47660320481321,1.0599136665570075,1.1056808776121025,43.31406244778962,1.2101168516745044,1.2632794005155359,48.978005031118485,0.6780084993929014,0.7370250857643926,28.160037218629757
736400,515,360,78,1.4705053418803442,1.491624446179658,71.25358981902168,2.335769230769231,2.349122267433185,112.34149825400112,0.8971828296260477,1.03256821062707,42.42764868932244,3.9919229933049,4.323180831315255,191.06023968426786,1.7546923717509508,1.7740060303932248,84.49902232873094,1.6807067191120666,1.6992196230542542,81.23515649543657,1.830540543486066,1.9283570856433432,87.01703665186477,1.4705053418803442,1.491624446179658,71.25358981902168
737400,515,360,78,1.0248965099715097,1.0796472429963915,47.571976740948216,1.287435897435897,1.4612946490294323,63.816010307424065,1.0201157740129456,1.1280609670915704,49.433685650098596,1.9901364181284595,2.218210799333983,97.61109694643486,0.600722716735638,0.6968555855815655,28.167457274319624,1.331630842361156,1.5189681152540122,66.22442402365249,1.3612295653006654,1.5710434935711044,67.93325746938793,1.0248965099715097,1.0796472429963917,47.571976740948216
738400,515,360,78,0.5513410256410266,0.6376754022319708,22.35148803639155,1.1590256410256412,1.2120615622851967,45.29903278329102,0.9074161326511546,0.9747423957089612,35.837446215046256,2.059617701117563,2.097100278413192,78.95831602562606,0.7930861773903907,0.8731170229952071,31.46874015750757,1.213309592504612,1.2640234489138147,47.328589438943766,1.3469333285711151,1.3844588427126154,51.764694174414494,0.5513410256410266,0.637675402231971,22.35148803639155
739400,515,360,78,0.41170747863247653,0.507500283434184,15.105230225182842,0.8203846153846144,0.8830058657644112,28.987523946778825,0.3396470593650645,0.45490640700105417,12.599036800130287,1.564750457861296,1.6268856964283356,53.96449804948802,0.3146479926880331,0.417339296150069,11.449989128156467,0.8972609104566117,0.9571685800529918,31.570726187819208,0.9558498258537929,1.007764963320171,33.09884888979204,1.7685485429748076,1.8120748445919965,60.631840013664394
740400,514,359,78,0.4846109563602599,0.5858508265553733,16.026170291091354,0.6544871794871795,0.8014904545395091,22.796504801901936,0.3592260598865572,0.4630416113636366,11.783617734271083,1.5208268832390637,1.6597580450500995,51.19800782789227,0.3447497093052068,0.5057419664278817,10.064515505675283,0.7293517651018698,0.8810478525063516,25.371756533940655,0.7726225242097141,0.9443028642732364,26.793526289132867,1.2637804202950547,1.3799134422473622,42.59162097985498
741400,513,359,77,1.3923813261946985,1.727031778593558,62.87585583639841,1.8607489177489178,2.059019000716177,86.62832053497405,0.7588608942107488,1.466795644626333,30.578731414760945,2.634433701204991,2.7216391322839835,125.74175773003297,0.9585881245885357,1.5146798327655824,41.0052434740818,1.517511882172564,1.808489389788608,69.2215560274835,1.8192005845463683,2.02844061751998,84.47832804927067,2.229422991830687,2.362240786567066,105.29265913791266
742400,512,358,77,1.4088350504244336,3.549096911886532,44.36547583326934,1.7584545454545453,3.6313755345223213,59.36728604123246,0.9379846743584457,3.529739538156516,23.05705854990166,2.5732761037649188,3.9735121855963804,93.84427816508403,0.9846729251319757,3.495745663676408,26.139788176200433,1.3713061405392397,3.5425666450829905,42.75522135825053,1.592186546485345,3.595063639806367,52.097725768484274,2.084902876031502,3.7445974107239364,73.34309217329185
743400,515,360,78,1.213241096866093,1.2416208714295718,62.154741174424565,1.509589743589744,1.54015886626456,77.07270466786625,0.7132952839501776,0.8025633857046425,36.620456967991,2.144542577884714,2.177416182042492,108.72241704586234,0.5586049124602422,0.6687786749035206,28.71532770673261,1.4606719324819557,1.4922465143205275,74.6436873993498,1.5237525891887838,1.5597102916202845,77.61862299414464,2.008508673170325,2.032514393941831,101.88079202249256
744400,515,360,78,0.8030297008547004,0.8454424131925306,32.48442476281964,1.3274102564102568,1.3534896240434071,52.73900573247248,0.4761411071621362,0.550532684831985,19.010515066940332,2.16343927003837,2.1860013000096234,84.99321414531192,0.5556836563550547,0.7481571207818214,22.912888462835333,1.2210251836970953,1.2493365022084184,48.63017193868069,1.3013771770618323,1.3373666060380607,51.27741277796941,2.2065569150555473,2.224039128383243,86.73890193998614
745400,513,359,77,0.25300144702094546,0.3572303546304901,8.766679696049815,0.5850259740259739,0.6824489610334127,20.215775150980075,1.777502036309828,2.036698565292964,55.328120188364316,1.6725157593179354,1.727575559593175,54.307563477642674,0.9010817082900993,0.973197245165456,27.71590097351574,0.24328474108021694,0.35282108681216445,8.5494235120555,0.4796851864256229,0.5761482299263634,16.163546243482415,1.1467641058759188,1.2039864790283097,37.98718406521556
746400,513,359,77,0.45610642839055,0.5034222812070677,21.647804088659388,0.7569826839826851,0.7878560575309231,35.20230020363504,0.9083042516387495,1.0841988559108962,40.101137995716776,1.5764384205955464,1.6119071007630552,72.00909214326143,0.40765507087811986,0.4586055347557013,19.452749139799593,0.7420247266771797,0.7735828734740636,34.53106577614694,0.6885390869266406,0.7427750809548835,32.03252437220671,0.9558840593320059,0.9806123657753485,44.147176802417
747400,513,359,77,0.88010798393807,0.9204232213698212,40.29876254441642,2.317207792207791,2.3398943393838354,104.0542839652902,6.244925622811324,7.3815787639585455,271.7768210853911,4.619522736477293,6.139196107772098,209.52143751325013,179.1158759448073,275.4939093917885,7858.834118250257,1.272500481437743,1.3065015645515439,57.83343782990811,1.1711522652938113,1.3385391068628554,52.968198230335005,0.88010798393807,0.9204232213698212,40.29876254441642
748400,515,360,78,0.9693963675213652,0.9852155928718902,46.56699728701027,2.661410256410256,2.667212964875509,126.23114810901525,8.588454803871642,10.009410571559606,403.32981984983667,6.151954363934017,8.008083564944044,286.46051617601523,0.4383103160543141,0.49015823519954693,21.583882074799654,0.9652232880733527,0.9810954705964768,46.37018029505543,1.1730307119280294,1.435087561260544,55.7441785644044,0.9693963675213652,0.9852155928718898,46.56699728701027
749400,515,360,78,0.8225663817663829,0.8480260137071435,39.358263744911866,1.1838803418803414,1.2013965947087484,56.42723077342507,0.8764174054882634,1.051781126609298,39.73191154710457,2.4911205042644338,2.598303555949689,117.42031121580536,1.140082150815554,1.1577563604129177,54.282833260037634,0.9956582796733893,1.0157573788125454,47.53529785052223,1.1532767424379622,1.276738327216224,54.646024453553444,0.8225663817663829,0.848026013707144,39.358263744911866
750400,515,360,78,0.9751736467236455,1.5707016350340597,43.14319542861288,1.0741196581196577,1.6171655799022289,48.16844899960972,0.7224265687159444,1.470284112035789,30.214274566184407,2.0573895061595455,2.333065536362214,97.58319384420969,0.5980987528633575,1.4645056484016674,23.449290709458705,1.1313238448465255,1.6464311376154501,51.073741914395434,1.2428609396322647,1.7659507475983078,55.950038808140114,0.9751736467236455,1.5707016350340592,43.14319542861288
751400,515,360,78,1.077381054131057,1.1273191427555493,50.79251789714583,1.3102393162393158,1.3430641964915284,61.82929614452962,0.7535446409795882,0.8702625821045508,35.52428032321895,2.218271334605116,2.258386748920484,104.1664365465725,0.524400785044468,0.7429399653143347,24.51761208508284,1.3563997020904037,1.3867414119310466,64.01723815984329,1.3918666228568686,1.4482397412958783,65.04210519671625,1.5904820163507603,1.6115336396679796,75.10877852237661
752400,515,360,78,1.1950395299145307,1.2119527784653739,61.941120414222276,1.2770256410256404,1.292866793992539,66.10662914799661,1.582288075211995,1.606109187740596,81.73450626260097,2.343936387642784,2.4137491404660296,120.31317442030256,0.8250135328493994,0.879267321360432,42.996160431628766,1.4506242332678645,1.464585748590339,74.92662805508736,1.5760395330112724,1.6980337473720528,81.21887202126865,1.1950395299145307,1.2119527784653739,61.941120414222276
753400,515,360,78,1.1286230769230783,1.2839277186051272,56.106813721122975,1.4317948717948725,1.5327742152293,71.80233570036204,0.765749400573073,1.0488168182817492,37.38524421920847,2.1433908327139473,2.185662849983699,108.58136024177891,0.7975170881155996,1.0687376095790644,38.7745876998059,1.3606377706680666,1.4722771646278148,68.11708557808804,1.5299148583904,1.6326346212346952,76.84176115677595,2.0375929422388217,2.0817156510580688,103.1515002164552
754400,514,359,78,1.3189433611884869,1.3544941214586048,58.37394395305233,1.4699999999999998,1.5019796054017294,64.86498219856995,1.9293815336918492,1.9682165409247325,84.52813990977349,2.5897652374173656,2.6193854798846363,113.08655968523145,1.0927071860845037,1.1379831095643707,48.46199470335638,1.6933794119885857,1.7212147039722463,74.46382520594919,1.6873069717314495,1.7112743236456847,73.85201005293735,1.3189433611884869,1.3544941214586046,58.37394395305233
755400,515,360,78,0.7063256410256409,1.7719803406438244,26.427721898721817,0.8485982905982902,1.8046689612859914,33.07789850839954,1.8041097838659859,2.3370075833810806,77.25917729985645,1.8386869786290494,2.306542021616435,79.05089883164939,0.6180692200490796,1.7676693400775032,21.99481594306858,1.221504282242216,1.9405306429016334,50.507988845082984,1.191486814644104,1.9271448212600304,48.76633960389873,0.7063256410256409,1.7719803406438233,26.427721898721817
758400,513,359,77,1.0320334623593712,1.2441485125666265,51.070199387279814,2.665584415584416,2.717483299032302,131.71360902362053,3.5848546275223643,4.336549799596541,162.6695713969209,7.492680386312321,9.927835863684944,373.5697340183824,1.8029565652257218,1.9112547166472358,89.72807996076388,1.600215535667732,1.7243257352979016,79.60630266412299,1.272438347331075,1.5111614624761314,62.42700939918575,1.0320334623593712,1.2441485125666265,51.070199387279814
